Branch,January,February,March,April,May,June,July,August,September,October,November,December
ABQ,4254.4,6598.889999999999,1677.89,6300.75,2202.5299999999997,3762.18,6953.55,4699.63,5114.05,13331.84,6775.889999999999,2891.95
DEN,94960.72,70850.77,83968.0,102253.31999999999,60787.47,65215.26,108339.64,94014.83,106473.01,121543.66,79749.09,62720.19
SLC,83072.58,46567.95,76024.56,89303.13,39745.15,69909.7,51973.22,76697.73,100196.56,92508.79,100287.15,56335.48
