,Total_Inv,Issue,No_Issue,Issue%
ABQ,176,96,80,54.54545454545454
DEN,2879,894,1985,31.05244876693296
SLC,2029,1127,902,55.544603252833916
Total,5084,2117,2967,41.64044059795437
