Branch,Total_Inv,Issue,No_Issue,Issue%
ABQ,176,97,79,55.11363636363637
DEN,2906,900,2006,30.970406056434964
SLC,2059,1136,923,55.172413793103445
Total,5141,2133,3008,41.489982493678276
