{"ABQ":{"Total_Inv":176.0,"Issue":97.0,"No_Issue":79.0,"Issue%":55.1136363636},"DEN":{"Total_Inv":2906.0,"Issue":900.0,"No_Issue":2006.0,"Issue%":30.9704060564},"SLC":{"Total_Inv":2059.0,"Issue":1136.0,"No_Issue":923.0,"Issue%":55.1724137931},"Total":{"Total_Inv":5141.0,"Issue":2133.0,"No_Issue":3008.0,"Issue%":41.4899824937}}